[
    {
        
        "poster_path": "/yvmKPlTIi0xdcFQIFcQKQJcI63W.jpg",
        "release_date": "1994-09-23",
        "title": "Побег из Шоушенка",
        "video": false,
        "vote_average": 8.7,
        "vote_count": 18896
    },
    {
       
        "poster_path": "/gZUc6DbAirZGWJL1685jsOd90Sf.jpg",
        "release_date": "1972-03-14",
        "title": "Крёстный отец",
        "video": false,
        "vote_average": 8.7,
        "vote_count": 14251
    },
    {
        "poster_path": "/4K8fGGcJP2EoGDucILnaJcOJhZl.jpg",
        "release_date": "1993-11-30",
        "title": "Список Шиндлера",
        "video": false,
        "vote_average": 8.6,
        "vote_count": 11355
    },
    {
        "poster_path": "/jDaC944dvUc1a4M1vp0oSW1XDak.jpg",
        "release_date": "1974-12-20",
        "title": "Крёстный отец 2",
        "video": false,
        "vote_average": 8.6,
        "vote_count": 8501
    },
    {
        
        "poster_path": "/9lc8IGK2zQnWpR1SCf2pl4Q0fSW.jpg",
        "release_date": "2016-08-26",
        "title": "Твоё имя",
        "video": false,
        "vote_average": 8.6,
        "vote_count": 7429
    },
    {
        "poster_path": "/5tHJGgjCf96Uli8v12VdwCkYq1g.jpg",
        "release_date": "2001-07-20",
        "title": "Унесённые призраками",
        "video": false,
        "vote_average": 8.5,
        "vote_count": 11316
    },
    {
        "poster_path": "/9QyCBlmVtGn9daAclMFHwprzElR.jpg",
        "release_date": "1999-12-10",
        "title": "Зелёная миля",
        "video": false,
        "vote_average": 8.5,
        "vote_count": 12233
    },
    {
        "poster_path": "/mUKyopnIdWe8bqW7Q4VSiQEDaeq.jpg",
        "release_date": "2021-03-18",
        "title": "Лига справедливости Зака Снайдера",
        "video": false,
        "vote_average": 8.5,
        "vote_count": 5373
    },
    {
        "poster_path": "/tEfPt3FQ1on0DLRM3QOlliLc9Lk.jpg",
        "release_date": "1994-09-10",
        "title": "Криминальное чтиво",
        "video": false,
        "vote_average": 8.5,
        "vote_count": 21049
    },
    {
        "poster_path": "/t5CNKKanYVzrcDmute3NWKXdfhC.jpg",
        "release_date": "2003-12-01",
        "title": "Властелин колец: Возвращение Короля",
        "video": false,
        "vote_average": 8.5,
        "vote_count": 17581
    }
]